{
    "head": "head.tail",
    "tail": "neck_01.head",
    "min_length": 0.20392803847789764,
    "mean_length": 0.26031363010406494,
    "max_length": 0.28307664394378662,
    "children": [
        {
            "head": "neck_01.head",
            "tail": "upperarm_l.head",
            "min_length": 0.16785785555839539,
            "mean_length": 0.18938136100769043,
            "max_length": 0.20683448016643524,
            "rotation_constraint": {
                "rotation": {
                    "w": 0.99887603521347046,
                    "x": -0.047276172786951065,
                    "y": 0.0025776843540370464,
                    "z": -0.0022773263044655323
                },
                "radius": 1.8081021308898926
            },
            "children": [
                {
                    "head": "upperarm_l.head",
                    "tail": "lowerarm_l.head",
                    "min_length": 0.23236088454723358,
                    "mean_length": 0.25914162397384644,
                    "max_length": 0.29955244064331055,
                    "rotation_constraint": {
                        "rotation": {
                            "w": 0.99798732995986938,
                            "x": 0.063341885805130005,
                            "y": -0.00029797470779158175,
                            "z": 0.0030019232071936131
                        },
                        "radius": 2.2483689785003662
                    },
                    "children": [
                        {
                            "head": "lowerarm_l.head",
                            "tail": "lowerarm_l.tail",
                            "min_length": 0.21058595180511475,
                            "mean_length": 0.2472480833530426,
                            "max_length": 0.27713713049888611,
                            "rotation_constraint": {
                                "rotation": {
                                    "w": 0.94373601675033569,
                                    "x": 0.33069589734077454,
                                    "y": 0.0014364324742928147,
                                    "z": 0.00075946259312331676
                                },
                                "radius": 2.1882274150848389
                            }
                        }
                    ]
                }
            ]
        },
        {
            "head": "neck_01.head",
            "tail": "upperarm_r.head",
            "min_length": 0.16785787045955658,
            "mean_length": 0.18938136100769043,
            "max_length": 0.20683446526527405,
            "rotation_constraint": {
                "rotation": {
                    "w": 0.9788966178894043,
                    "x": 0.20432858169078827,
                    "y": -0.0018225065432488918,
                    "z": 0.0028256787918508053
                },
                "radius": 2.1836652755737305
            },
            "children": [
                {
                    "head": "upperarm_r.head",
                    "tail": "lowerarm_r.head",
                    "min_length": 0.23236089944839478,
                    "mean_length": 0.25914162397384644,
                    "max_length": 0.29955270886421204,
                    "rotation_constraint": {
                        "rotation": {
                            "w": 0.99388015270233154,
                            "x": -0.1103668212890625,
                            "y": 0.00054916448425501585,
                            "z": -0.0045881699770689011
                        },
                        "radius": 2.5116000175476074
                    },
                    "children": [
                        {
                            "head": "lowerarm_r.head",
                            "tail": "lowerarm_r.tail",
                            "min_length": 0.21058590710163116,
                            "mean_length": 0.2472480833530426,
                            "max_length": 0.27713802456855774,
                            "rotation_constraint": {
                                "rotation": {
                                    "w": 0.94679081439971924,
                                    "x": 0.32184022665023804,
                                    "y": -0.00087853753939270973,
                                    "z": -0.0023051404859870672
                                },
                                "radius": 2.2014915943145752
                            }
                        }
                    ]
                }
            ]
        },
        {
            "head": "neck_01.head",
            "tail": "thigh_l.head",
            "min_length": 0.10540647059679031,
            "mean_length": 0.57514137029647827,
            "max_length": 0.68673247098922729,
            "rotation_constraint": {
                "rotation": {
                    "w": 0.99923324584960938,
                    "x": 0.039147619158029556,
                    "y": 0.00053744454635307193,
                    "z": 0.00011044383427361026
                },
                "radius": 1.3783212900161743
            },
            "children": [
                {
                    "head": "thigh_l.head",
                    "tail": "thigh_l.tail",
                    "min_length": 0.37130746245384216,
                    "mean_length": 0.42484182119369507,
                    "max_length": 0.51652234792709351,
                    "rotation_constraint": {
                        "rotation": {
                            "w": 0.97088229656219482,
                            "x": 0.23955671489238739,
                            "y": 0.00038243239396251738,
                            "z": 8.3577106124721467e-05
                        },
                        "radius": 3.0732059478759766
                    },
                    "children": [
                        {
                            "head": "thigh_l.tail",
                            "tail": "foot_l.head",
                            "min_length": 0.37912005186080933,
                            "mean_length": 0.42831376194953918,
                            "max_length": 0.46170279383659363,
                            "rotation_constraint": {
                                "rotation": {
                                    "w": 0.95134556293487549,
                                    "x": -0.30812448263168335,
                                    "y": -0.00088930287165567279,
                                    "z": -0.0001260353164980188
                                },
                                "radius": 2.2562689781188965
                            }
                        }
                    ]
                }
            ]
        },
        {
            "head": "neck_01.head",
            "tail": "thigh_r.head",
            "min_length": 0.17675650119781494,
            "mean_length": 0.57155174016952515,
            "max_length": 0.68329137563705444,
            "rotation_constraint": {
                "rotation": {
                    "w": 0.99757331609725952,
                    "x": 0.069618135690689087,
                    "y": -8.091199561022222e-05,
                    "z": 0.00085253367433324456
                },
                "radius": 1.3551026582717896
            },
            "children": [
                {
                    "head": "thigh_r.head",
                    "tail": "thigh_r.tail",
                    "min_length": 0.37130728363990784,
                    "mean_length": 0.42484182119369507,
                    "max_length": 0.51652133464813232,
                    "rotation_constraint": {
                        "rotation": {
                            "w": 0.97315692901611328,
                            "x": 0.2301417738199234,
                            "y": 0.00047680069110356271,
                            "z": 0.00039617239963263273
                        },